KM Pace,KPH,Mile Pace,MPH,5k,5m,10k,15k,10m,20k,Half,15m,25k,20m,Marathon,50k,100k,100m
0:10:00,6.000,0:16:06,3.728,0:50:00,1:20:28,1:40:00,2:30:00,2:40:56,3:20:00,3:30:49,4:01:24,4:10:00,5:21:52,7:01:39,8:20:00,16:40:00,26:49:20
0:09:59,6.010,0:16:04,3.734,0:49:55,1:20:20,1:39:50,2:29:45,2:40:40,3:19:40,3:30:28,4:00:60,4:09:35,5:21:20,7:00:57,8:19:10,16:38:20,26:46:39
0:09:58,6.020,0:16:02,3.741,0:49:50,1:20:12,1:39:40,2:29:30,2:40:24,3:19:20,3:30:07,4:00:36,4:09:10,5:20:48,7:00:15,8:18:20,16:36:40,26:43:59
0:09:57,6.030,0:16:01,3.747,0:49:45,1:20:04,1:39:30,2:29:15,2:40:08,3:19:00,3:29:46,4:00:12,4:08:45,5:20:16,6:59:32,8:17:30,16:35:00,26:41:18
0:09:56,6.040,0:15:59,3.753,0:49:40,1:19:56,1:39:20,2:29:00,2:39:52,3:18:40,3:29:25,3:59:48,4:08:20,5:19:43,6:58:50,8:16:40,16:33:20,26:38:37
0:09:55,6.050,0:15:58,3.760,0:49:35,1:19:48,1:39:10,2:28:45,2:39:36,3:18:20,3:29:04,3:59:23,4:07:55,5:19:11,6:58:08,8:15:50,16:31:40,26:35:56
0:09:54,6.061,0:15:56,3.766,0:49:30,1:19:40,1:39:00,2:28:30,2:39:19,3:18:00,3:28:43,3:58:59,4:07:30,5:18:39,6:57:26,8:15:00,16:30:00,26:33:15
0:09:53,6.071,0:15:54,3.772,0:49:25,1:19:32,1:38:50,2:28:15,2:39:03,3:17:40,3:28:22,3:58:35,4:07:05,5:18:07,6:56:44,8:14:10,16:28:20,26:30:34
0:09:52,6.081,0:15:53,3.779,0:49:20,1:19:24,1:38:40,2:28:00,2:38:47,3:17:20,3:28:01,3:58:11,4:06:40,5:17:35,6:56:02,8:13:20,16:26:40,26:27:53
0:09:51,6.091,0:15:51,3.785,0:49:15,1:19:16,1:38:30,2:27:45,2:38:31,3:17:00,3:27:40,3:57:47,4:06:15,5:17:02,6:55:19,8:12:30,16:25:00,26:25:12
0:09:50,6.102,0:15:50,3.791,0:49:10,1:19:08,1:38:20,2:27:30,2:38:15,3:16:40,3:27:19,3:57:23,4:05:50,5:16:30,6:54:37,8:11:40,16:23:20,26:22:31
0:09:49,6.112,0:15:48,3.798,0:49:05,1:18:60,1:38:10,2:27:15,2:37:59,3:16:20,3:26:58,3:56:59,4:05:25,5:15:58,6:53:55,8:10:50,16:21:40,26:19:50
0:09:48,6.122,0:15:46,3.804,0:49:00,1:18:51,1:38:00,2:27:00,2:37:43,3:16:00,3:26:36,3:56:34,4:05:00,5:15:26,6:53:13,8:10:00,16:20:00,26:17:09
0:09:47,6.133,0:15:45,3.811,0:48:55,1:18:43,1:37:50,2:26:45,2:37:27,3:15:40,3:26:15,3:56:10,4:04:35,5:14:54,6:52:31,8:09:10,16:18:20,26:14:28
0:09:46,6.143,0:15:43,3.817,0:48:50,1:18:35,1:37:40,2:26:30,2:37:11,3:15:20,3:25:54,3:55:46,4:04:10,5:14:22,6:51:49,8:08:20,16:16:40,26:11:47
0:09:45,6.154,0:15:41,3.824,0:48:45,1:18:27,1:37:30,2:26:15,2:36:55,3:15:00,3:25:33,3:55:22,4:03:45,5:13:49,6:51:06,8:07:30,16:15:00,26:09:06
0:09:44,6.164,0:15:40,3.830,0:48:40,1:18:19,1:37:20,2:26:00,2:36:39,3:14:40,3:25:12,3:54:58,4:03:20,5:13:17,6:50:24,8:06:40,16:13:20,26:06:25
0:09:43,6.175,0:15:38,3.837,0:48:35,1:18:11,1:37:10,2:25:45,2:36:22,3:14:20,3:24:51,3:54:34,4:02:55,5:12:45,6:49:42,8:05:50,16:11:40,26:03:45
0:09:42,6.186,0:15:37,3.844,0:48:30,1:18:03,1:37:00,2:25:30,2:36:06,3:14:00,3:24:30,3:54:10,4:02:30,5:12:13,6:48:60,8:05:00,16:10:00,26:01:04
0:09:41,6.196,0:15:35,3.850,0:48:25,1:17:55,1:36:50,2:25:15,2:35:50,3:13:40,3:24:09,3:53:45,4:02:05,5:11:41,6:48:18,8:04:10,16:08:20,25:58:23
0:09:40,6.207,0:15:33,3.857,0:48:20,1:17:47,1:36:40,2:25:00,2:35:34,3:13:20,3:23:48,3:53:21,4:01:40,5:11:08,6:47:36,8:03:20,16:06:40,25:55:42
0:09:39,6.218,0:15:32,3.863,0:48:15,1:17:39,1:36:30,2:24:45,2:35:18,3:13:00,3:23:27,3:52:57,4:01:15,5:10:36,6:46:53,8:02:30,16:05:00,25:53:01
0:09:38,6.228,0:15:30,3.870,0:48:10,1:17:31,1:36:20,2:24:30,2:35:02,3:12:40,3:23:06,3:52:33,4:00:50,5:10:04,6:46:11,8:01:40,16:03:20,25:50:20
0:09:37,6.239,0:15:29,3.877,0:48:05,1:17:23,1:36:10,2:24:15,2:34:46,3:12:20,3:22:45,3:52:09,4:00:25,5:09:32,6:45:29,8:00:50,16:01:40,25:47:39
0:09:36,6.250,0:15:27,3.884,0:48:00,1:17:15,1:36:00,2:24:00,2:34:30,3:12:00,3:22:23,3:51:45,4:00:00,5:08:60,6:44:47,8:00:00,16:00:00,25:44:58
0:09:35,6.261,0:15:25,3.890,0:47:55,1:17:07,1:35:50,2:23:45,2:34:14,3:11:40,3:22:02,3:51:21,3:59:35,5:08:27,6:44:05,7:59:10,15:58:20,25:42:17
0:09:34,6.272,0:15:24,3.897,0:47:50,1:16:59,1:35:40,2:23:30,2:33:58,3:11:20,3:21:41,3:50:56,3:59:10,5:07:55,6:43:23,7:58:20,15:56:40,25:39:36
0:09:33,6.283,0:15:22,3.904,0:47:45,1:16:51,1:35:30,2:23:15,2:33:42,3:11:00,3:21:20,3:50:32,3:58:45,5:07:23,6:42:40,7:57:30,15:55:00,25:36:55
0:09:32,6.294,0:15:21,3.911,0:47:40,1:16:43,1:35:20,2:23:00,2:33:25,3:10:40,3:20:59,3:50:08,3:58:20,5:06:51,6:41:58,7:56:40,15:53:20,25:34:14
0:09:31,6.305,0:15:19,3.918,0:47:35,1:16:35,1:35:10,2:22:45,2:33:09,3:10:20,3:20:38,3:49:44,3:57:55,5:06:19,6:41:16,7:55:50,15:51:40,25:31:33
0:09:30,6.316,0:15:17,3.924,0:47:30,1:16:27,1:35:00,2:22:30,2:32:53,3:10:00,3:20:17,3:49:20,3:57:30,5:05:47,6:40:34,7:55:00,15:50:00,25:28:52
0:09:29,6.327,0:15:16,3.931,0:47:25,1:16:19,1:34:50,2:22:15,2:32:37,3:09:40,3:19:56,3:48:56,3:57:05,5:05:14,6:39:52,7:54:10,15:48:20,25:26:11
0:09:28,6.338,0:15:14,3.938,0:47:20,1:16:11,1:34:40,2:22:00,2:32:21,3:09:20,3:19:35,3:48:32,3:56:40,5:04:42,6:39:10,7:53:20,15:46:40,25:23:31
0:09:27,6.349,0:15:12,3.945,0:47:15,1:16:02,1:34:30,2:21:45,2:32:05,3:09:00,3:19:14,3:48:07,3:56:15,5:04:10,6:38:27,7:52:30,15:45:00,25:20:50
0:09:26,6.360,0:15:11,3.952,0:47:10,1:15:54,1:34:20,2:21:30,2:31:49,3:08:40,3:18:53,3:47:43,3:55:50,5:03:38,6:37:45,7:51:40,15:43:20,25:18:09
0:09:25,6.372,0:15:09,3.959,0:47:05,1:15:46,1:34:10,2:21:15,2:31:33,3:08:20,3:18:32,3:47:19,3:55:25,5:03:06,6:37:03,7:50:50,15:41:40,25:15:28
0:09:24,6.383,0:15:08,3.966,0:47:00,1:15:38,1:34:00,2:21:00,2:31:17,3:08:00,3:18:10,3:46:55,3:55:00,5:02:33,6:36:21,7:50:00,15:40:00,25:12:47
0:09:23,6.394,0:15:06,3.973,0:46:55,1:15:30,1:33:50,2:20:45,2:31:01,3:07:40,3:17:49,3:46:31,3:54:35,5:02:01,6:35:39,7:49:10,15:38:20,25:10:06
0:09:22,6.406,0:15:04,3.980,0:46:50,1:15:22,1:33:40,2:20:30,2:30:44,3:07:20,3:17:28,3:46:07,3:54:10,5:01:29,6:34:57,7:48:20,15:36:40,25:07:25
0:09:21,6.417,0:15:03,3.987,0:46:45,1:15:14,1:33:30,2:20:15,2:30:28,3:07:00,3:17:07,3:45:43,3:53:45,5:00:57,6:34:14,7:47:30,15:35:00,25:04:44
0:09:20,6.429,0:15:01,3.995,0:46:40,1:15:06,1:33:20,2:20:00,2:30:12,3:06:40,3:16:46,3:45:19,3:53:20,5:00:25,6:33:32,7:46:40,15:33:20,25:02:03
0:09:19,6.440,0:14:60,4.002,0:46:35,1:14:58,1:33:10,2:19:45,2:29:56,3:06:20,3:16:25,3:44:54,3:52:55,4:59:52,6:32:50,7:45:50,15:31:40,24:59:22
0:09:18,6.452,0:14:58,4.009,0:46:30,1:14:50,1:33:00,2:19:30,2:29:40,3:06:00,3:16:04,3:44:30,3:52:30,4:59:20,6:32:08,7:45:00,15:30:00,24:56:41
0:09:17,6.463,0:14:56,4.016,0:46:25,1:14:42,1:32:50,2:19:15,2:29:24,3:05:40,3:15:43,3:44:06,3:52:05,4:58:48,6:31:26,7:44:10,15:28:20,24:54:00
0:09:16,6.475,0:14:55,4.023,0:46:20,1:14:34,1:32:40,2:19:00,2:29:08,3:05:20,3:15:22,3:43:42,3:51:40,4:58:16,6:30:44,7:43:20,15:26:40,24:51:19
0:09:15,6.486,0:14:53,4.031,0:46:15,1:14:26,1:32:30,2:18:45,2:28:52,3:05:00,3:15:01,3:43:18,3:51:15,4:57:44,6:30:01,7:42:30,15:25:00,24:48:38
0:09:14,6.498,0:14:52,4.038,0:46:10,1:14:18,1:32:20,2:18:30,2:28:36,3:04:40,3:14:40,3:42:54,3:50:50,4:57:12,6:29:19,7:41:40,15:23:20,24:45:57
0:09:13,6.510,0:14:50,4.045,0:46:05,1:14:10,1:32:10,2:18:15,2:28:20,3:04:20,3:14:19,3:42:30,3:50:25,4:56:39,6:28:37,7:40:50,15:21:40,24:43:17
0:09:12,6.522,0:14:48,4.052,0:46:00,1:14:02,1:32:00,2:18:00,2:28:04,3:04:00,3:13:57,3:42:05,3:50:00,4:56:07,6:27:55,7:40:00,15:20:00,24:40:36
0:09:11,6.534,0:14:47,4.060,0:45:55,1:13:54,1:31:50,2:17:45,2:27:47,3:03:40,3:13:36,3:41:41,3:49:35,4:55:35,6:27:13,7:39:10,15:18:20,24:37:55
0:09:10,6.545,0:14:45,4.067,0:45:50,1:13:46,1:31:40,2:17:30,2:27:31,3:03:20,3:13:15,3:41:17,3:49:10,4:55:03,6:26:31,7:38:20,15:16:40,24:35:14
0:09:09,6.557,0:14:44,4.075,0:45:45,1:13:38,1:31:30,2:17:15,2:27:15,3:03:00,3:12:54,3:40:53,3:48:45,4:54:31,6:25:48,7:37:30,15:15:00,24:32:33
0:09:08,6.569,0:14:42,4.082,0:45:40,1:13:30,1:31:20,2:17:00,2:26:59,3:02:40,3:12:33,3:40:29,3:48:20,4:53:58,6:25:06,7:36:40,15:13:20,24:29:52
0:09:07,6.581,0:14:40,4.089,0:45:35,1:13:22,1:31:10,2:16:45,2:26:43,3:02:20,3:12:12,3:40:05,3:47:55,4:53:26,6:24:24,7:35:50,15:11:40,24:27:11
0:09:06,6.593,0:14:39,4.097,0:45:30,1:13:14,1:31:00,2:16:30,2:26:27,3:02:00,3:11:51,3:39:41,3:47:30,4:52:54,6:23:42,7:35:00,15:10:00,24:24:30
0:09:05,6.606,0:14:37,4.104,0:45:25,1:13:05,1:30:50,2:16:15,2:26:11,3:01:40,3:11:30,3:39:16,3:47:05,4:52:22,6:22:60,7:34:10,15:08:20,24:21:49
0:09:04,6.618,0:14:35,4.112,0:45:20,1:12:57,1:30:40,2:16:00,2:25:55,3:01:20,3:11:09,3:38:52,3:46:40,4:51:50,6:22:18,7:33:20,15:06:40,24:19:08
0:09:03,6.630,0:14:34,4.120,0:45:15,1:12:49,1:30:30,2:15:45,2:25:39,3:01:00,3:10:48,3:38:28,3:46:15,4:51:17,6:21:35,7:32:30,15:05:00,24:16:27
0:09:02,6.642,0:14:32,4.127,0:45:10,1:12:41,1:30:20,2:15:30,2:25:23,3:00:40,3:10:27,3:38:04,3:45:50,4:50:45,6:20:53,7:31:40,15:03:20,24:13:46
0:09:01,6.654,0:14:31,4.135,0:45:05,1:12:33,1:30:10,2:15:15,2:25:07,3:00:20,3:10:06,3:37:40,3:45:25,4:50:13,6:20:11,7:30:50,15:01:40,24:11:05
0:09:00,6.667,0:14:29,4.142,0:45:00,1:12:25,1:30:00,2:15:00,2:24:50,3:00:00,3:09:45,3:37:16,3:45:00,4:49:41,6:19:29,7:30:00,15:00:00,24:08:24
0:08:59,6.679,0:14:27,4.150,0:44:55,1:12:17,1:29:50,2:14:45,2:24:34,2:59:40,3:09:23,3:36:52,3:44:35,4:49:09,6:18:47,7:29:10,14:58:20,24:05:43
0:08:58,6.691,0:14:26,4.158,0:44:50,1:12:09,1:29:40,2:14:30,2:24:18,2:59:20,3:09:02,3:36:27,3:44:10,4:48:37,6:18:05,7:28:20,14:56:40,24:03:02
0:08:57,6.704,0:14:24,4.166,0:44:45,1:12:01,1:29:30,2:14:15,2:24:02,2:59:00,3:08:41,3:36:03,3:43:45,4:48:04,6:17:23,7:27:30,14:55:00,24:00:22
0:08:56,6.716,0:14:23,4.173,0:44:40,1:11:53,1:29:20,2:14:00,2:23:46,2:58:40,3:08:20,3:35:39,3:43:20,4:47:32,6:16:40,7:26:40,14:53:20,23:57:41
0:08:55,6.729,0:14:21,4.181,0:44:35,1:11:45,1:29:10,2:13:45,2:23:30,2:58:20,3:07:59,3:35:15,3:42:55,4:46:60,6:15:58,7:25:50,14:51:40,23:54:60
0:08:54,6.742,0:14:19,4.189,0:44:30,1:11:37,1:29:00,2:13:30,2:23:14,2:58:00,3:07:38,3:34:51,3:42:30,4:46:28,6:15:16,7:25:00,14:50:00,23:52:19
0:08:53,6.754,0:14:18,4.197,0:44:25,1:11:29,1:28:50,2:13:15,2:22:58,2:57:40,3:07:17,3:34:27,3:42:05,4:45:56,6:14:34,7:24:10,14:48:20,23:49:38
0:08:52,6.767,0:14:16,4.205,0:44:20,1:11:21,1:28:40,2:13:00,2:22:42,2:57:20,3:06:56,3:34:03,3:41:40,4:45:23,6:13:52,7:23:20,14:46:40,23:46:57
0:08:51,6.780,0:14:15,4.213,0:44:15,1:11:13,1:28:30,2:12:45,2:22:26,2:57:00,3:06:35,3:33:38,3:41:15,4:44:51,6:13:10,7:22:30,14:45:00,23:44:16
0:08:50,6.792,0:14:13,4.221,0:44:10,1:11:05,1:28:20,2:12:30,2:22:10,2:56:40,3:06:14,3:33:14,3:40:50,4:44:19,6:12:27,7:21:40,14:43:20,23:41:35
0:08:49,6.805,0:14:11,4.229,0:44:05,1:10:57,1:28:10,2:12:15,2:21:53,2:56:20,3:05:53,3:32:50,3:40:25,4:43:47,6:11:45,7:20:50,14:41:40,23:38:54
0:08:48,6.818,0:14:10,4.237,0:44:00,1:10:49,1:28:00,2:12:00,2:21:37,2:56:00,3:05:32,3:32:26,3:40:00,4:43:15,6:11:03,7:20:00,14:40:00,23:36:13
0:08:47,6.831,0:14:08,4.245,0:43:55,1:10:41,1:27:50,2:11:45,2:21:21,2:55:40,3:05:10,3:32:02,3:39:35,4:42:42,6:10:21,7:19:10,14:38:20,23:33:32
0:08:46,6.844,0:14:07,4.253,0:43:50,1:10:33,1:27:40,2:11:30,2:21:05,2:55:20,3:04:49,3:31:38,3:39:10,4:42:10,6:09:39,7:18:20,14:36:40,23:30:51
0:08:45,6.857,0:14:05,4.261,0:43:45,1:10:25,1:27:30,2:11:15,2:20:49,2:55:00,3:04:28,3:31:14,3:38:45,4:41:38,6:08:57,7:17:30,14:35:00,23:28:10
0:08:44,6.870,0:14:03,4.269,0:43:40,1:10:16,1:27:20,2:11:00,2:20:33,2:54:40,3:04:07,3:30:49,3:38:20,4:41:06,6:08:14,7:16:40,14:33:20,23:25:29
0:08:43,6.883,0:14:02,4.277,0:43:35,1:10:08,1:27:10,2:10:45,2:20:17,2:54:20,3:03:46,3:30:25,3:37:55,4:40:34,6:07:32,7:15:50,14:31:40,23:22:48
0:08:42,6.897,0:14:00,4.285,0:43:30,1:10:00,1:27:00,2:10:30,2:20:01,2:54:00,3:03:25,3:30:01,3:37:30,4:40:02,6:06:50,7:15:00,14:30:00,23:20:08
0:08:41,6.910,0:13:58,4.294,0:43:25,1:09:52,1:26:50,2:10:15,2:19:45,2:53:40,3:03:04,3:29:37,3:37:05,4:39:29,6:06:08,7:14:10,14:28:20,23:17:27
0:08:40,6.923,0:13:57,4.302,0:43:20,1:09:44,1:26:40,2:10:00,2:19:29,2:53:20,3:02:43,3:29:13,3:36:40,4:38:57,6:05:26,7:13:20,14:26:40,23:14:46
0:08:39,6.936,0:13:55,4.310,0:43:15,1:09:36,1:26:30,2:09:45,2:19:12,2:53:00,3:02:22,3:28:49,3:36:15,4:38:25,6:04:44,7:12:30,14:25:00,23:12:05
0:08:38,6.950,0:13:54,4.318,0:43:10,1:09:28,1:26:20,2:09:30,2:18:56,2:52:40,3:02:01,3:28:25,3:35:50,4:37:53,6:04:01,7:11:40,14:23:20,23:09:24
0:08:37,6.963,0:13:52,4.327,0:43:05,1:09:20,1:26:10,2:09:15,2:18:40,2:52:20,3:01:40,3:28:00,3:35:25,4:37:21,6:03:19,7:10:50,14:21:40,23:06:43
0:08:36,6.977,0:13:50,4.335,0:43:00,1:09:12,1:26:00,2:09:00,2:18:24,2:52:00,3:01:19,3:27:36,3:35:00,4:36:48,6:02:37,7:10:00,14:20:00,23:04:02
0:08:35,6.990,0:13:49,4.344,0:42:55,1:09:04,1:25:50,2:08:45,2:18:08,2:51:40,3:00:57,3:27:12,3:34:35,4:36:16,6:01:55,7:09:10,14:18:20,23:01:21
0:08:34,7.004,0:13:47,4.352,0:42:50,1:08:56,1:25:40,2:08:30,2:17:52,2:51:20,3:00:36,3:26:48,3:34:10,4:35:44,6:01:13,7:08:20,14:16:40,22:58:40
0:08:33,7.018,0:13:46,4.360,0:42:45,1:08:48,1:25:30,2:08:15,2:17:36,2:51:00,3:00:15,3:26:24,3:33:45,4:35:12,6:00:31,7:07:30,14:15:00,22:55:59
0:08:32,7.031,0:13:44,4.369,0:42:40,1:08:40,1:25:20,2:08:00,2:17:20,2:50:40,2:59:54,3:25:60,3:33:20,4:34:40,5:59:48,7:06:40,14:13:20,22:53:18
0:08:31,7.045,0:13:42,4.378,0:42:35,1:08:32,1:25:10,2:07:45,2:17:04,2:50:20,2:59:33,3:25:36,3:32:55,4:34:08,5:59:06,7:05:50,14:11:40,22:50:37
0:08:30,7.059,0:13:41,4.386,0:42:30,1:08:24,1:25:00,2:07:30,2:16:48,2:50:00,2:59:12,3:25:12,3:32:30,4:33:35,5:58:24,7:05:00,14:10:00,22:47:56
0:08:29,7.073,0:13:39,4.395,0:42:25,1:08:16,1:24:50,2:07:15,2:16:32,2:49:40,2:58:51,3:24:47,3:32:05,4:33:03,5:57:42,7:04:10,14:08:20,22:45:15
0:08:28,7.087,0:13:38,4.403,0:42:20,1:08:08,1:24:40,2:07:00,2:16:15,2:49:20,2:58:30,3:24:23,3:31:40,4:32:31,5:56:60,7:03:20,14:06:40,22:42:34
0:08:27,7.101,0:13:36,4.412,0:42:15,1:07:60,1:24:30,2:06:45,2:15:59,2:49:00,2:58:09,3:23:59,3:31:15,4:31:59,5:56:18,7:02:30,14:05:00,22:39:54
0:08:26,7.115,0:13:34,4.421,0:42:10,1:07:52,1:24:20,2:06:30,2:15:43,2:48:40,2:57:48,3:23:35,3:30:50,4:31:27,5:55:35,7:01:40,14:03:20,22:37:13
0:08:25,7.129,0:13:33,4.430,0:42:05,1:07:44,1:24:10,2:06:15,2:15:27,2:48:20,2:57:27,3:23:11,3:30:25,4:30:54,5:54:53,7:00:50,14:01:40,22:34:32
0:08:24,7.143,0:13:31,4.438,0:42:00,1:07:36,1:24:00,2:06:00,2:15:11,2:48:00,2:57:06,3:22:47,3:30:00,4:30:22,5:54:11,7:00:00,14:00:00,22:31:51
0:08:23,7.157,0:13:30,4.447,0:41:55,1:07:28,1:23:50,2:05:45,2:14:55,2:47:40,2:56:44,3:22:23,3:29:35,4:29:50,5:53:29,6:59:10,13:58:20,22:29:10
0:08:22,7.171,0:13:28,4.456,0:41:50,1:07:19,1:23:40,2:05:30,2:14:39,2:47:20,2:56:23,3:21:58,3:29:10,4:29:18,5:52:47,6:58:20,13:56:40,22:26:29
0:08:21,7.186,0:13:26,4.465,0:41:45,1:07:11,1:23:30,2:05:15,2:14:23,2:47:00,2:56:02,3:21:34,3:28:45,4:28:46,5:52:05,6:57:30,13:55:00,22:23:48
0:08:20,7.200,0:13:25,4.474,0:41:40,1:07:03,1:23:20,2:05:00,2:14:07,2:46:40,2:55:41,3:21:10,3:28:20,4:28:13,5:51:22,6:56:40,13:53:20,22:21:07
0:08:19,7.214,0:13:23,4.483,0:41:35,1:06:55,1:23:10,2:04:45,2:13:51,2:46:20,2:55:20,3:20:46,3:27:55,4:27:41,5:50:40,6:55:50,13:51:40,22:18:26
0:08:18,7.229,0:13:21,4.492,0:41:30,1:06:47,1:23:00,2:04:30,2:13:35,2:46:00,2:54:59,3:20:22,3:27:30,4:27:09,5:49:58,6:55:00,13:50:00,22:15:45
0:08:17,7.243,0:13:20,4.501,0:41:25,1:06:39,1:22:50,2:04:15,2:13:18,2:45:40,2:54:38,3:19:58,3:27:05,4:26:37,5:49:16,6:54:10,13:48:20,22:13:04
0:08:16,7.258,0:13:18,4.510,0:41:20,1:06:31,1:22:40,2:04:00,2:13:02,2:45:20,2:54:17,3:19:34,3:26:40,4:26:05,5:48:34,6:53:20,13:46:40,22:10:23
0:08:15,7.273,0:13:17,4.519,0:41:15,1:06:23,1:22:30,2:03:45,2:12:46,2:45:00,2:53:56,3:19:09,3:26:15,4:25:33,5:47:52,6:52:30,13:45:00,22:07:42
0:08:14,7.287,0:13:15,4.528,0:41:10,1:06:15,1:22:20,2:03:30,2:12:30,2:44:40,2:53:35,3:18:45,3:25:50,4:25:00,5:47:09,6:51:40,13:43:20,22:05:01
0:08:13,7.302,0:13:13,4.537,0:41:05,1:06:07,1:22:10,2:03:15,2:12:14,2:44:20,2:53:14,3:18:21,3:25:25,4:24:28,5:46:27,6:50:50,13:41:40,22:02:20
0:08:12,7.317,0:13:12,4.547,0:41:00,1:05:59,1:22:00,2:03:00,2:11:58,2:44:00,2:52:53,3:17:57,3:25:00,4:23:56,5:45:45,6:50:00,13:40:00,21:59:40
0:08:11,7.332,0:13:10,4.556,0:40:55,1:05:51,1:21:50,2:02:45,2:11:42,2:43:40,2:52:31,3:17:33,3:24:35,4:23:24,5:45:03,6:49:10,13:38:20,21:56:59
0:08:10,7.347,0:13:09,4.565,0:40:50,1:05:43,1:21:40,2:02:30,2:11:26,2:43:20,2:52:10,3:17:09,3:24:10,4:22:52,5:44:21,6:48:20,13:36:40,21:54:18
0:08:09,7.362,0:13:07,4.575,0:40:45,1:05:35,1:21:30,2:02:15,2:11:10,2:43:00,2:51:49,3:16:45,3:23:45,4:22:19,5:43:39,6:47:30,13:35:00,21:51:37
0:08:08,7.377,0:13:05,4.584,0:40:40,1:05:27,1:21:20,2:02:00,2:10:54,2:42:40,2:51:28,3:16:20,3:23:20,4:21:47,5:42:56,6:46:40,13:33:20,21:48:56
0:08:07,7.392,0:13:04,4.593,0:40:35,1:05:19,1:21:10,2:01:45,2:10:37,2:42:20,2:51:07,3:15:56,3:22:55,4:21:15,5:42:14,6:45:50,13:31:40,21:46:15
0:08:06,7.407,0:13:02,4.603,0:40:30,1:05:11,1:21:00,2:01:30,2:10:21,2:42:00,2:50:46,3:15:32,3:22:30,4:20:43,5:41:32,6:45:00,13:30:00,21:43:34
0:08:05,7.423,0:13:01,4.612,0:40:25,1:05:03,1:20:50,2:01:15,2:10:05,2:41:40,2:50:25,3:15:08,3:22:05,4:20:11,5:40:50,6:44:10,13:28:20,21:40:53
0:08:04,7.438,0:12:59,4.622,0:40:20,1:04:55,1:20:40,2:01:00,2:09:49,2:41:20,2:50:04,3:14:44,3:21:40,4:19:38,5:40:08,6:43:20,13:26:40,21:38:12
0:08:03,7.453,0:12:57,4.631,0:40:15,1:04:47,1:20:30,2:00:45,2:09:33,2:41:00,2:49:43,3:14:20,3:21:15,4:19:06,5:39:26,6:42:30,13:25:00,21:35:31
0:08:02,7.469,0:12:56,4.641,0:40:10,1:04:39,1:20:20,2:00:30,2:09:17,2:40:40,2:49:22,3:13:56,3:20:50,4:18:34,5:38:43,6:41:40,13:23:20,21:32:50
0:08:01,7.484,0:12:54,4.651,0:40:05,1:04:30,1:20:10,2:00:15,2:09:01,2:40:20,2:49:01,3:13:31,3:20:25,4:18:02,5:38:01,6:40:50,13:21:40,21:30:09
0:08:00,7.500,0:12:52,4.660,0:40:00,1:04:22,1:20:00,2:00:00,2:08:45,2:40:00,2:48:40,3:13:07,3:20:00,4:17:30,5:37:19,6:40:00,13:20:00,21:27:28
0:07:59,7.516,0:12:51,4.670,0:39:55,1:04:14,1:19:50,1:59:45,2:08:29,2:39:40,2:48:18,3:12:43,3:19:35,4:16:58,5:36:37,6:39:10,13:18:20,21:24:47
0:07:58,7.531,0:12:49,4.680,0:39:50,1:04:06,1:19:40,1:59:30,2:08:13,2:39:20,2:47:57,3:12:19,3:19:10,4:16:25,5:35:55,6:38:20,13:16:40,21:22:06
0:07:57,7.547,0:12:48,4.690,0:39:45,1:03:58,1:19:30,1:59:15,2:07:57,2:39:00,2:47:36,3:11:55,3:18:45,4:15:53,5:35:13,6:37:30,13:15:00,21:19:26
0:07:56,7.563,0:12:46,4.699,0:39:40,1:03:50,1:19:20,1:59:00,2:07:40,2:38:40,2:47:15,3:11:31,3:18:20,4:15:21,5:34:30,6:36:40,13:13:20,21:16:45
0:07:55,7.579,0:12:44,4.709,0:39:35,1:03:42,1:19:10,1:58:45,2:07:24,2:38:20,2:46:54,3:11:07,3:17:55,4:14:49,5:33:48,6:35:50,13:11:40,21:14:04
0:07:54,7.595,0:12:43,4.719,0:39:30,1:03:34,1:19:00,1:58:30,2:07:08,2:38:00,2:46:33,3:10:42,3:17:30,4:14:17,5:33:06,6:35:00,13:10:00,21:11:23
0:07:53,7.611,0:12:41,4.729,0:39:25,1:03:26,1:18:50,1:58:15,2:06:52,2:37:40,2:46:12,3:10:18,3:17:05,4:13:44,5:32:24,6:34:10,13:08:20,21:08:42
0:07:52,7.627,0:12:40,4.739,0:39:20,1:03:18,1:18:40,1:58:00,2:06:36,2:37:20,2:45:51,3:09:54,3:16:40,4:13:12,5:31:42,6:33:20,13:06:40,21:06:01
0:07:51,7.643,0:12:38,4.749,0:39:15,1:03:10,1:18:30,1:57:45,2:06:20,2:37:00,2:45:30,3:09:30,3:16:15,4:12:40,5:30:60,6:32:30,13:05:00,21:03:20
0:07:50,7.660,0:12:36,4.759,0:39:10,1:03:02,1:18:20,1:57:30,2:06:04,2:36:40,2:45:09,3:09:06,3:15:50,4:12:08,5:30:17,6:31:40,13:03:20,21:00:39
0:07:49,7.676,0:12:35,4.770,0:39:05,1:02:54,1:18:10,1:57:15,2:05:48,2:36:20,2:44:48,3:08:42,3:15:25,4:11:36,5:29:35,6:30:50,13:01:40,20:57:58
0:07:48,7.692,0:12:33,4.780,0:39:00,1:02:46,1:18:00,1:57:00,2:05:32,2:36:00,2:44:27,3:08:18,3:15:00,4:11:03,5:28:53,6:30:00,13:00:00,20:55:17
0:07:47,7.709,0:12:32,4.790,0:38:55,1:02:38,1:17:50,1:56:45,2:05:16,2:35:40,2:44:05,3:07:53,3:14:35,4:10:31,5:28:11,6:29:10,12:58:20,20:52:36
0:07:46,7.725,0:12:30,4.800,0:38:50,1:02:30,1:17:40,1:56:30,2:04:60,2:35:20,2:43:44,3:07:29,3:14:10,4:09:59,5:27:29,6:28:20,12:56:40,20:49:55
0:07:45,7.742,0:12:28,4.811,0:38:45,1:02:22,1:17:30,1:56:15,2:04:43,2:35:00,2:43:23,3:07:05,3:13:45,4:09:27,5:26:47,6:27:30,12:55:00,20:47:14
0:07:44,7.759,0:12:27,4.821,0:38:40,1:02:14,1:17:20,1:56:00,2:04:27,2:34:40,2:43:02,3:06:41,3:13:20,4:08:55,5:26:04,6:26:40,12:53:20,20:44:33
0:07:43,7.775,0:12:25,4.831,0:38:35,1:02:06,1:17:10,1:55:45,2:04:11,2:34:20,2:42:41,3:06:17,3:12:55,4:08:23,5:25:22,6:25:50,12:51:40,20:41:52
0:07:42,7.792,0:12:24,4.842,0:38:30,1:01:58,1:17:00,1:55:30,2:03:55,2:34:00,2:42:20,3:05:53,3:12:30,4:07:50,5:24:40,6:25:00,12:50:00,20:39:12
0:07:41,7.809,0:12:22,4.852,0:38:25,1:01:50,1:16:50,1:55:15,2:03:39,2:33:40,2:41:59,3:05:29,3:12:05,4:07:18,5:23:58,6:24:10,12:48:20,20:36:31
0:07:40,7.826,0:12:20,4.863,0:38:20,1:01:41,1:16:40,1:55:00,2:03:23,2:33:20,2:41:38,3:05:04,3:11:40,4:06:46,5:23:16,6:23:20,12:46:40,20:33:50
0:07:39,7.843,0:12:19,4.873,0:38:15,1:01:33,1:16:30,1:54:45,2:03:07,2:33:00,2:41:17,3:04:40,3:11:15,4:06:14,5:22:34,6:22:30,12:45:00,20:31:09
0:07:38,7.860,0:12:17,4.884,0:38:10,1:01:25,1:16:20,1:54:30,2:02:51,2:32:40,2:40:56,3:04:16,3:10:50,4:05:42,5:21:51,6:21:40,12:43:20,20:28:28
0:07:37,7.877,0:12:15,4.895,0:38:05,1:01:17,1:16:10,1:54:15,2:02:35,2:32:20,2:40:35,3:03:52,3:10:25,4:05:09,5:21:09,6:20:50,12:41:40,20:25:47
0:07:36,7.895,0:12:14,4.906,0:38:00,1:01:09,1:16:00,1:54:00,2:02:19,2:32:00,2:40:14,3:03:28,3:10:00,4:04:37,5:20:27,6:20:00,12:40:00,20:23:06
0:07:35,7.912,0:12:12,4.916,0:37:55,1:01:01,1:15:50,1:53:45,2:02:02,2:31:40,2:39:52,3:03:04,3:09:35,4:04:05,5:19:45,6:19:10,12:38:20,20:20:25
0:07:34,7.930,0:12:11,4.927,0:37:50,1:00:53,1:15:40,1:53:30,2:01:46,2:31:20,2:39:31,3:02:40,3:09:10,4:03:33,5:19:03,6:18:20,12:36:40,20:17:44
0:07:33,7.947,0:12:09,4.938,0:37:45,1:00:45,1:15:30,1:53:15,2:01:30,2:31:00,2:39:10,3:02:16,3:08:45,4:03:01,5:18:21,6:17:30,12:35:00,20:15:03
0:07:32,7.965,0:12:07,4.949,0:37:40,1:00:37,1:15:20,1:53:00,2:01:14,2:30:40,2:38:49,3:01:51,3:08:20,4:02:28,5:17:38,6:16:40,12:33:20,20:12:22
0:07:31,7.982,0:12:06,4.960,0:37:35,1:00:29,1:15:10,1:52:45,2:00:58,2:30:20,2:38:28,3:01:27,3:07:55,4:01:56,5:16:56,6:15:50,12:31:40,20:09:41
0:07:30,8.000,0:12:04,4.971,0:37:30,1:00:21,1:15:00,1:52:30,2:00:42,2:30:00,2:38:07,3:01:03,3:07:30,4:01:24,5:16:14,6:15:00,12:30:00,20:07:00
0:07:29,8.018,0:12:03,4.982,0:37:25,1:00:13,1:14:50,1:52:15,2:00:26,2:29:40,2:37:46,3:00:39,3:07:05,4:00:52,5:15:32,6:14:10,12:28:20,20:04:19
0:07:28,8.036,0:12:01,4.993,0:37:20,1:00:05,1:14:40,1:52:00,2:00:10,2:29:20,2:37:25,3:00:15,3:06:40,4:00:20,5:14:50,6:13:20,12:26:40,20:01:38
0:07:27,8.054,0:11:59,5.004,0:37:15,0:59:57,1:14:30,1:51:45,1:59:54,2:29:00,2:37:04,2:59:51,3:06:15,3:59:48,5:14:08,6:12:30,12:25:00,19:58:57
0:07:26,8.072,0:11:58,5.016,0:37:10,0:59:49,1:14:20,1:51:30,1:59:38,2:28:40,2:36:43,2:59:27,3:05:50,3:59:15,5:13:26,6:11:40,12:23:20,19:56:17
0:07:25,8.090,0:11:56,5.027,0:37:05,0:59:41,1:14:10,1:51:15,1:59:22,2:28:20,2:36:22,2:59:02,3:05:25,3:58:43,5:12:43,6:10:50,12:21:40,19:53:36
0:07:24,8.108,0:11:55,5.038,0:37:00,0:59:33,1:14:00,1:51:00,1:59:05,2:28:00,2:36:01,2:58:38,3:05:00,3:58:11,5:12:01,6:10:00,12:20:00,19:50:55
0:07:23,8.126,0:11:53,5.050,0:36:55,0:59:25,1:13:50,1:50:45,1:58:49,2:27:40,2:35:40,2:58:14,3:04:35,3:57:39,5:11:19,6:09:10,12:18:20,19:48:14
0:07:22,8.145,0:11:51,5.061,0:36:50,0:59:17,1:13:40,1:50:30,1:58:33,2:27:20,2:35:18,2:57:50,3:04:10,3:57:07,5:10:37,6:08:20,12:16:40,19:45:33
0:07:21,8.163,0:11:50,5.072,0:36:45,0:59:09,1:13:30,1:50:15,1:58:17,2:27:00,2:34:57,2:57:26,3:03:45,3:56:34,5:09:55,6:07:30,12:15:00,19:42:52
0:07:20,8.182,0:11:48,5.084,0:36:40,0:59:01,1:13:20,1:50:00,1:58:01,2:26:40,2:34:36,2:57:02,3:03:20,3:56:02,5:09:13,6:06:40,12:13:20,19:40:11
0:07:19,8.200,0:11:47,5.096,0:36:35,0:58:53,1:13:10,1:49:45,1:57:45,2:26:20,2:34:15,2:56:38,3:02:55,3:55:30,5:08:30,6:05:50,12:11:40,19:37:30
0:07:18,8.219,0:11:45,5.107,0:36:30,0:58:44,1:13:00,1:49:30,1:57:29,2:26:00,2:33:54,2:56:13,3:02:30,3:54:58,5:07:48,6:05:00,12:10:00,19:34:49
0:07:17,8.238,0:11:43,5.119,0:36:25,0:58:36,1:12:50,1:49:15,1:57:13,2:25:40,2:33:33,2:55:49,3:02:05,3:54:26,5:07:06,6:04:10,12:08:20,19:32:08
0:07:16,8.257,0:11:42,5.131,0:36:20,0:58:28,1:12:40,1:49:00,1:56:57,2:25:20,2:33:12,2:55:25,3:01:40,3:53:53,5:06:24,6:03:20,12:06:40,19:29:27
0:07:15,8.276,0:11:40,5.142,0:36:15,0:58:20,1:12:30,1:48:45,1:56:41,2:25:00,2:32:51,2:55:01,3:01:15,3:53:21,5:05:42,6:02:30,12:05:00,19:26:46
0:07:14,8.295,0:11:38,5.154,0:36:10,0:58:12,1:12:20,1:48:30,1:56:25,2:24:40,2:32:30,2:54:37,3:00:50,3:52:49,5:04:60,6:01:40,12:03:20,19:24:05
0:07:13,8.314,0:11:37,5.166,0:36:05,0:58:04,1:12:10,1:48:15,1:56:08,2:24:20,2:32:09,2:54:13,3:00:25,3:52:17,5:04:17,6:00:50,12:01:40,19:21:24
0:07:12,8.333,0:11:35,5.178,0:36:00,0:57:56,1:12:00,1:48:00,1:55:52,2:24:00,2:31:48,2:53:49,3:00:00,3:51:45,5:03:35,6:00:00,12:00:00,19:18:43
0:07:11,8.353,0:11:34,5.190,0:35:55,0:57:48,1:11:50,1:47:45,1:55:36,2:23:40,2:31:27,2:53:24,2:59:35,3:51:13,5:02:53,5:59:10,11:58:20,19:16:03
0:07:10,8.372,0:11:32,5.202,0:35:50,0:57:40,1:11:40,1:47:30,1:55:20,2:23:20,2:31:05,2:53:00,2:59:10,3:50:40,5:02:11,5:58:20,11:56:40,19:13:22
0:07:09,8.392,0:11:30,5.214,0:35:45,0:57:32,1:11:30,1:47:15,1:55:04,2:23:00,2:30:44,2:52:36,2:58:45,3:50:08,5:01:29,5:57:30,11:55:00,19:10:41
0:07:08,8.411,0:11:29,5.226,0:35:40,0:57:24,1:11:20,1:47:00,1:54:48,2:22:40,2:30:23,2:52:12,2:58:20,3:49:36,5:00:47,5:56:40,11:53:20,19:07:60
0:07:07,8.431,0:11:27,5.239,0:35:35,0:57:16,1:11:10,1:46:45,1:54:32,2:22:20,2:30:02,2:51:48,2:57:55,3:49:04,5:00:04,5:55:50,11:51:40,19:05:19
0:07:06,8.451,0:11:26,5.251,0:35:30,0:57:08,1:11:00,1:46:30,1:54:16,2:22:00,2:29:41,2:51:24,2:57:30,3:48:32,4:59:22,5:55:00,11:50:00,19:02:38
0:07:05,8.471,0:11:24,5.263,0:35:25,0:56:60,1:10:50,1:46:15,1:53:60,2:21:40,2:29:20,2:50:60,2:57:05,3:47:59,4:58:40,5:54:10,11:48:20,18:59:57
0:07:04,8.491,0:11:22,5.276,0:35:20,0:56:52,1:10:40,1:46:00,1:53:44,2:21:20,2:28:59,2:50:35,2:56:40,3:47:27,4:57:58,5:53:20,11:46:40,18:57:16
0:07:03,8.511,0:11:21,5.288,0:35:15,0:56:44,1:10:30,1:45:45,1:53:28,2:21:00,2:28:38,2:50:11,2:56:15,3:46:55,4:57:16,5:52:30,11:45:00,18:54:35
0:07:02,8.531,0:11:19,5.301,0:35:10,0:56:36,1:10:20,1:45:30,1:53:11,2:20:40,2:28:17,2:49:47,2:55:50,3:46:23,4:56:34,5:51:40,11:43:20,18:51:54
0:07:01,8.551,0:11:18,5.313,0:35:05,0:56:28,1:10:10,1:45:15,1:52:55,2:20:20,2:27:56,2:49:23,2:55:25,3:45:51,4:55:51,5:50:50,11:41:40,18:49:13
0:07:00,8.571,0:11:16,5.326,0:35:00,0:56:20,1:10:00,1:45:00,1:52:39,2:20:00,2:27:35,2:48:59,2:55:00,3:45:18,4:55:09,5:50:00,11:40:00,18:46:32
0:06:59,8.592,0:11:14,5.339,0:34:55,0:56:12,1:09:50,1:44:45,1:52:23,2:19:40,2:27:14,2:48:35,2:54:35,3:44:46,4:54:27,5:49:10,11:38:20,18:43:51
0:06:58,8.612,0:11:13,5.352,0:34:50,0:56:04,1:09:40,1:44:30,1:52:07,2:19:20,2:26:52,2:48:11,2:54:10,3:44:14,4:53:45,5:48:20,11:36:40,18:41:10
0:06:57,8.633,0:11:11,5.364,0:34:45,0:55:55,1:09:30,1:44:15,1:51:51,2:19:00,2:26:31,2:47:46,2:53:45,3:43:42,4:53:03,5:47:30,11:35:00,18:38:29
0:06:56,8.654,0:11:09,5.377,0:34:40,0:55:47,1:09:20,1:44:00,1:51:35,2:18:40,2:26:10,2:47:22,2:53:20,3:43:10,4:52:21,5:46:40,11:33:20,18:35:49
0:06:55,8.675,0:11:08,5.390,0:34:35,0:55:39,1:09:10,1:43:45,1:51:19,2:18:20,2:25:49,2:46:58,2:52:55,3:42:38,4:51:38,5:45:50,11:31:40,18:33:08
0:06:54,8.696,0:11:06,5.403,0:34:30,0:55:31,1:09:00,1:43:30,1:51:03,2:18:00,2:25:28,2:46:34,2:52:30,3:42:05,4:50:56,5:45:00,11:30:00,18:30:27
0:06:53,8.717,0:11:05,5.416,0:34:25,0:55:23,1:08:50,1:43:15,1:50:47,2:17:40,2:25:07,2:46:10,2:52:05,3:41:33,4:50:14,5:44:10,11:28:20,18:27:46
0:06:52,8.738,0:11:03,5.429,0:34:20,0:55:15,1:08:40,1:43:00,1:50:30,2:17:20,2:24:46,2:45:46,2:51:40,3:41:01,4:49:32,5:43:20,11:26:40,18:25:05
0:06:51,8.759,0:11:01,5.443,0:34:15,0:55:07,1:08:30,1:42:45,1:50:14,2:17:00,2:24:25,2:45:22,2:51:15,3:40:29,4:48:50,5:42:30,11:25:00,18:22:24
0:06:50,8.780,0:10:60,5.456,0:34:10,0:54:59,1:08:20,1:42:30,1:49:58,2:16:40,2:24:04,2:44:57,2:50:50,3:39:57,4:48:08,5:41:40,11:23:20,18:19:43
0:06:49,8.802,0:10:58,5.469,0:34:05,0:54:51,1:08:10,1:42:15,1:49:42,2:16:20,2:23:43,2:44:33,2:50:25,3:39:24,4:47:25,5:40:50,11:21:40,18:17:02
0:06:48,8.824,0:10:57,5.483,0:34:00,0:54:43,1:08:00,1:42:00,1:49:26,2:16:00,2:23:22,2:44:09,2:50:00,3:38:52,4:46:43,5:40:00,11:20:00,18:14:21
0:06:47,8.845,0:10:55,5.496,0:33:55,0:54:35,1:07:50,1:41:45,1:49:10,2:15:40,2:23:01,2:43:45,2:49:35,3:38:20,4:46:01,5:39:10,11:18:20,18:11:40
0:06:46,8.867,0:10:53,5.510,0:33:50,0:54:27,1:07:40,1:41:30,1:48:54,2:15:20,2:22:39,2:43:21,2:49:10,3:37:48,4:45:19,5:38:20,11:16:40,18:08:59
0:06:45,8.889,0:10:52,5.523,0:33:45,0:54:19,1:07:30,1:41:15,1:48:38,2:15:00,2:22:18,2:42:57,2:48:45,3:37:16,4:44:37,5:37:30,11:15:00,18:06:18
0:06:44,8.911,0:10:50,5.537,0:33:40,0:54:11,1:07:20,1:41:00,1:48:22,2:14:40,2:21:57,2:42:33,2:48:20,3:36:44,4:43:55,5:36:40,11:13:20,18:03:37
0:06:43,8.933,0:10:49,5.551,0:33:35,0:54:03,1:07:10,1:40:45,1:48:06,2:14:20,2:21:36,2:42:09,2:47:55,3:36:11,4:43:12,5:35:50,11:11:40,18:00:56
0:06:42,8.955,0:10:47,5.565,0:33:30,0:53:55,1:07:00,1:40:30,1:47:50,2:14:00,2:21:15,2:41:44,2:47:30,3:35:39,4:42:30,5:35:00,11:10:00,17:58:15
0:06:41,8.978,0:10:45,5.578,0:33:25,0:53:47,1:06:50,1:40:15,1:47:33,2:13:40,2:20:54,2:41:20,2:47:05,3:35:07,4:41:48,5:34:10,11:08:20,17:55:35
0:06:40,9.000,0:10:44,5.592,0:33:20,0:53:39,1:06:40,1:40:00,1:47:17,2:13:20,2:20:33,2:40:56,2:46:40,3:34:35,4:41:06,5:33:20,11:06:40,17:52:54
0:06:39,9.023,0:10:42,5.606,0:33:15,0:53:31,1:06:30,1:39:45,1:47:01,2:13:00,2:20:12,2:40:32,2:46:15,3:34:03,4:40:24,5:32:30,11:05:00,17:50:13
0:06:38,9.045,0:10:41,5.620,0:33:10,0:53:23,1:06:20,1:39:30,1:46:45,2:12:40,2:19:51,2:40:08,2:45:50,3:33:30,4:39:42,5:31:40,11:03:20,17:47:32
0:06:37,9.068,0:10:39,5.635,0:33:05,0:53:15,1:06:10,1:39:15,1:46:29,2:12:20,2:19:30,2:39:44,2:45:25,3:32:58,4:38:59,5:30:50,11:01:40,17:44:51
0:06:36,9.091,0:10:37,5.649,0:33:00,0:53:07,1:06:00,1:39:00,1:46:13,2:12:00,2:19:09,2:39:20,2:45:00,3:32:26,4:38:17,5:30:00,11:00:00,17:42:10
0:06:35,9.114,0:10:36,5.663,0:32:55,0:52:58,1:05:50,1:38:45,1:45:57,2:11:40,2:18:48,2:38:55,2:44:35,3:31:54,4:37:35,5:29:10,10:58:20,17:39:29
0:06:34,9.137,0:10:34,5.678,0:32:50,0:52:50,1:05:40,1:38:30,1:45:41,2:11:20,2:18:26,2:38:31,2:44:10,3:31:22,4:36:53,5:28:20,10:56:40,17:36:48
0:06:33,9.160,0:10:32,5.692,0:32:45,0:52:42,1:05:30,1:38:15,1:45:25,2:11:00,2:18:05,2:38:07,2:43:45,3:30:49,4:36:11,5:27:30,10:55:00,17:34:07
0:06:32,9.184,0:10:31,5.706,0:32:40,0:52:34,1:05:20,1:38:00,1:45:09,2:10:40,2:17:44,2:37:43,2:43:20,3:30:17,4:35:29,5:26:40,10:53:20,17:31:26
0:06:31,9.207,0:10:29,5.721,0:32:35,0:52:26,1:05:10,1:37:45,1:44:53,2:10:20,2:17:23,2:37:19,2:42:55,3:29:45,4:34:46,5:25:50,10:51:40,17:28:45
0:06:30,9.231,0:10:28,5.736,0:32:30,0:52:18,1:05:00,1:37:30,1:44:36,2:10:00,2:17:02,2:36:55,2:42:30,3:29:13,4:34:04,5:25:00,10:50:00,17:26:04
0:06:29,9.254,0:10:26,5.750,0:32:25,0:52:10,1:04:50,1:37:15,1:44:20,2:09:40,2:16:41,2:36:31,2:42:05,3:28:41,4:33:22,5:24:10,10:48:20,17:23:23
0:06:28,9.278,0:10:24,5.765,0:32:20,0:52:02,1:04:40,1:37:00,1:44:04,2:09:20,2:16:20,2:36:06,2:41:40,3:28:09,4:32:40,5:23:20,10:46:40,17:20:42
0:06:27,9.302,0:10:23,5.780,0:32:15,0:51:54,1:04:30,1:36:45,1:43:48,2:09:00,2:15:59,2:35:42,2:41:15,3:27:36,4:31:58,5:22:30,10:45:00,17:18:01
0:06:26,9.326,0:10:21,5.795,0:32:10,0:51:46,1:04:20,1:36:30,1:43:32,2:08:40,2:15:38,2:35:18,2:40:50,3:27:04,4:31:16,5:21:40,10:43:20,17:15:21
0:06:25,9.351,0:10:20,5.810,0:32:05,0:51:38,1:04:10,1:36:15,1:43:16,2:08:20,2:15:17,2:34:54,2:40:25,3:26:32,4:30:33,5:20:50,10:41:40,17:12:40
0:06:24,9.375,0:10:18,5.825,0:32:00,0:51:30,1:04:00,1:36:00,1:42:60,2:08:00,2:14:56,2:34:30,2:40:00,3:25:60,4:29:51,5:20:00,10:40:00,17:09:59
0:06:23,9.399,0:10:16,5.841,0:31:55,0:51:22,1:03:50,1:35:45,1:42:44,2:07:40,2:14:35,2:34:06,2:39:35,3:25:28,4:29:09,5:19:10,10:38:20,17:07:18
0:06:22,9.424,0:10:15,5.856,0:31:50,0:51:14,1:03:40,1:35:30,1:42:28,2:07:20,2:14:13,2:33:42,2:39:10,3:24:55,4:28:27,5:18:20,10:36:40,17:04:37
0:06:21,9.449,0:10:13,5.871,0:31:45,0:51:06,1:03:30,1:35:15,1:42:12,2:07:00,2:13:52,2:33:17,2:38:45,3:24:23,4:27:45,5:17:30,10:35:00,17:01:56
0:06:20,9.474,0:10:12,5.887,0:31:40,0:50:58,1:03:20,1:35:00,1:41:55,2:06:40,2:13:31,2:32:53,2:38:20,3:23:51,4:27:03,5:16:40,10:33:20,16:59:15
0:06:19,9.499,0:10:10,5.902,0:31:35,0:50:50,1:03:10,1:34:45,1:41:39,2:06:20,2:13:10,2:32:29,2:37:55,3:23:19,4:26:20,5:15:50,10:31:40,16:56:34
0:06:18,9.524,0:10:08,5.918,0:31:30,0:50:42,1:03:00,1:34:30,1:41:23,2:06:00,2:12:49,2:32:05,2:37:30,3:22:47,4:25:38,5:15:00,10:30:00,16:53:53
0:06:17,9.549,0:10:07,5.934,0:31:25,0:50:34,1:02:50,1:34:15,1:41:07,2:05:40,2:12:28,2:31:41,2:37:05,3:22:14,4:24:56,5:14:10,10:28:20,16:51:12
0:06:16,9.574,0:10:05,5.949,0:31:20,0:50:26,1:02:40,1:34:00,1:40:51,2:05:20,2:12:07,2:31:17,2:36:40,3:21:42,4:24:14,5:13:20,10:26:40,16:48:31
0:06:15,9.600,0:10:04,5.965,0:31:15,0:50:18,1:02:30,1:33:45,1:40:35,2:05:00,2:11:46,2:30:53,2:36:15,3:21:10,4:23:32,5:12:30,10:25:00,16:45:50
0:06:14,9.626,0:10:02,5.981,0:31:10,0:50:09,1:02:20,1:33:30,1:40:19,2:04:40,2:11:25,2:30:28,2:35:50,3:20:38,4:22:50,5:11:40,10:23:20,16:43:09
0:06:13,9.651,0:10:00,5.997,0:31:05,0:50:01,1:02:10,1:33:15,1:40:03,2:04:20,2:11:04,2:30:04,2:35:25,3:20:06,4:22:07,5:10:50,10:21:40,16:40:28
0:06:12,9.677,0:09:59,6.013,0:31:00,0:49:53,1:02:00,1:33:00,1:39:47,2:04:00,2:10:43,2:29:40,2:35:00,3:19:34,4:21:25,5:10:00,10:20:00,16:37:47
0:06:11,9.704,0:09:57,6.029,0:30:55,0:49:45,1:01:50,1:32:45,1:39:31,2:03:40,2:10:22,2:29:16,2:34:35,3:19:01,4:20:43,5:09:10,10:18:20,16:35:07
0:06:10,9.730,0:09:55,6.046,0:30:50,0:49:37,1:01:40,1:32:30,1:39:15,2:03:20,2:10:00,2:28:52,2:34:10,3:18:29,4:20:01,5:08:20,10:16:40,16:32:26
0:06:09,9.756,0:09:54,6.062,0:30:45,0:49:29,1:01:30,1:32:15,1:38:58,2:03:00,2:09:39,2:28:28,2:33:45,3:17:57,4:19:19,5:07:30,10:15:00,16:29:45
0:06:08,9.783,0:09:52,6.079,0:30:40,0:49:21,1:01:20,1:32:00,1:38:42,2:02:40,2:09:18,2:28:04,2:33:20,3:17:25,4:18:37,5:06:40,10:13:20,16:27:04
0:06:07,9.809,0:09:51,6.095,0:30:35,0:49:13,1:01:10,1:31:45,1:38:26,2:02:20,2:08:57,2:27:39,2:32:55,3:16:53,4:17:54,5:05:50,10:11:40,16:24:23
0:06:06,9.836,0:09:49,6.112,0:30:30,0:49:05,1:01:00,1:31:30,1:38:10,2:02:00,2:08:36,2:27:15,2:32:30,3:16:20,4:17:12,5:05:00,10:10:00,16:21:42
0:06:05,9.863,0:09:47,6.129,0:30:25,0:48:57,1:00:50,1:31:15,1:37:54,2:01:40,2:08:15,2:26:51,2:32:05,3:15:48,4:16:30,5:04:10,10:08:20,16:19:01
0:06:04,9.890,0:09:46,6.145,0:30:20,0:48:49,1:00:40,1:31:00,1:37:38,2:01:20,2:07:54,2:26:27,2:31:40,3:15:16,4:15:48,5:03:20,10:06:40,16:16:20
0:06:03,9.917,0:09:44,6.162,0:30:15,0:48:41,1:00:30,1:30:45,1:37:22,2:01:00,2:07:33,2:26:03,2:31:15,3:14:44,4:15:06,5:02:30,10:05:00,16:13:39
0:06:02,9.945,0:09:43,6.179,0:30:10,0:48:33,1:00:20,1:30:30,1:37:06,2:00:40,2:07:12,2:25:39,2:30:50,3:14:12,4:14:24,5:01:40,10:03:20,16:10:58
0:06:01,9.972,0:09:41,6.196,0:30:05,0:48:25,1:00:10,1:30:15,1:36:50,2:00:20,2:06:51,2:25:15,2:30:25,3:13:39,4:13:41,5:00:50,10:01:40,16:08:17
0:06:00,10.000,0:09:39,6.214,0:30:00,0:48:17,1:00:00,1:30:00,1:36:34,2:00:00,2:06:30,2:24:50,2:30:00,3:13:07,4:12:59,5:00:00,10:00:00,16:05:36
0:05:59,10.028,0:09:38,6.231,0:29:55,0:48:09,0:59:50,1:29:45,1:36:18,1:59:40,2:06:09,2:24:26,2:29:35,3:12:35,4:12:17,4:59:10,9:58:20,16:02:55
0:05:58,10.056,0:09:36,6.248,0:29:50,0:48:01,0:59:40,1:29:30,1:36:01,1:59:20,2:05:48,2:24:02,2:29:10,3:12:03,4:11:35,4:58:20,9:56:40,16:00:14
0:05:57,10.084,0:09:35,6.266,0:29:45,0:47:53,0:59:30,1:29:15,1:35:45,1:59:00,2:05:26,2:23:38,2:28:45,3:11:31,4:10:53,4:57:30,9:55:00,15:57:33
0:05:56,10.112,0:09:33,6.284,0:29:40,0:47:45,0:59:20,1:29:00,1:35:29,1:58:40,2:05:05,2:23:14,2:28:20,3:10:59,4:10:11,4:56:40,9:53:20,15:54:53
0:05:55,10.141,0:09:31,6.301,0:29:35,0:47:37,0:59:10,1:28:45,1:35:13,1:58:20,2:04:44,2:22:50,2:27:55,3:10:26,4:09:29,4:55:50,9:51:40,15:52:12
0:05:54,10.169,0:09:30,6.319,0:29:30,0:47:29,0:59:00,1:28:30,1:34:57,1:58:00,2:04:23,2:22:26,2:27:30,3:09:54,4:08:46,4:55:00,9:50:00,15:49:31
0:05:53,10.198,0:09:28,6.337,0:29:25,0:47:20,0:58:50,1:28:15,1:34:41,1:57:40,2:04:02,2:22:01,2:27:05,3:09:22,4:08:04,4:54:10,9:48:20,15:46:50
0:05:52,10.227,0:09:26,6.355,0:29:20,0:47:12,0:58:40,1:28:00,1:34:25,1:57:20,2:03:41,2:21:37,2:26:40,3:08:50,4:07:22,4:53:20,9:46:40,15:44:09
0:05:51,10.256,0:09:25,6.373,0:29:15,0:47:04,0:58:30,1:27:45,1:34:09,1:57:00,2:03:20,2:21:13,2:26:15,3:08:18,4:06:40,4:52:30,9:45:00,15:41:28
0:05:50,10.286,0:09:23,6.391,0:29:10,0:46:56,0:58:20,1:27:30,1:33:53,1:56:40,2:02:59,2:20:49,2:25:50,3:07:45,4:05:58,4:51:40,9:43:20,15:38:47
0:05:49,10.315,0:09:22,6.410,0:29:05,0:46:48,0:58:10,1:27:15,1:33:37,1:56:20,2:02:38,2:20:25,2:25:25,3:07:13,4:05:16,4:50:50,9:41:40,15:36:06
0:05:48,10.345,0:09:20,6.428,0:29:00,0:46:40,0:58:00,1:27:00,1:33:21,1:56:00,2:02:17,2:20:01,2:25:00,3:06:41,4:04:33,4:50:00,9:40:00,15:33:25
0:05:47,10.375,0:09:18,6.447,0:28:55,0:46:32,0:57:50,1:26:45,1:33:04,1:55:40,2:01:56,2:19:37,2:24:35,3:06:09,4:03:51,4:49:10,9:38:20,15:30:44
0:05:46,10.405,0:09:17,6.465,0:28:50,0:46:24,0:57:40,1:26:30,1:32:48,1:55:20,2:01:35,2:19:13,2:24:10,3:05:37,4:03:09,4:48:20,9:36:40,15:28:03
0:05:45,10.435,0:09:15,6.484,0:28:45,0:46:16,0:57:30,1:26:15,1:32:32,1:55:00,2:01:13,2:18:48,2:23:45,3:05:04,4:02:27,4:47:30,9:35:00,15:25:22
0:05:44,10.465,0:09:14,6.503,0:28:40,0:46:08,0:57:20,1:26:00,1:32:16,1:54:40,2:00:52,2:18:24,2:23:20,3:04:32,4:01:45,4:46:40,9:33:20,15:22:41
0:05:43,10.496,0:09:12,6.522,0:28:35,0:46:00,0:57:10,1:25:45,1:32:00,1:54:20,2:00:31,2:18:00,2:22:55,3:04:00,4:01:03,4:45:50,9:31:40,15:20:00
0:05:42,10.526,0:09:10,6.541,0:28:30,0:45:52,0:57:00,1:25:30,1:31:44,1:54:00,2:00:10,2:17:36,2:22:30,3:03:28,4:00:20,4:45:00,9:30:00,15:17:19
0:05:41,10.557,0:09:09,6.560,0:28:25,0:45:44,0:56:50,1:25:15,1:31:28,1:53:40,1:59:49,2:17:12,2:22:05,3:02:56,3:59:38,4:44:10,9:28:20,15:14:38
0:05:40,10.588,0:09:07,6.579,0:28:20,0:45:36,0:56:40,1:25:00,1:31:12,1:53:20,1:59:28,2:16:48,2:21:40,3:02:24,3:58:56,4:43:20,9:26:40,15:11:58
0:05:39,10.619,0:09:06,6.599,0:28:15,0:45:28,0:56:30,1:24:45,1:30:56,1:53:00,1:59:07,2:16:24,2:21:15,3:01:51,3:58:14,4:42:30,9:25:00,15:09:17
0:05:38,10.651,0:09:04,6.618,0:28:10,0:45:20,0:56:20,1:24:30,1:30:40,1:52:40,1:58:46,2:15:59,2:20:50,3:01:19,3:57:32,4:41:40,9:23:20,15:06:36
0:05:37,10.682,0:09:02,6.638,0:28:05,0:45:12,0:56:10,1:24:15,1:30:23,1:52:20,1:58:25,2:15:35,2:20:25,3:00:47,3:56:50,4:40:50,9:21:40,15:03:55
0:05:36,10.714,0:09:01,6.658,0:28:00,0:45:04,0:56:00,1:24:00,1:30:07,1:52:00,1:58:04,2:15:11,2:20:00,3:00:15,3:56:07,4:40:00,9:20:00,15:01:14
0:05:35,10.746,0:08:59,6.677,0:27:55,0:44:56,0:55:50,1:23:45,1:29:51,1:51:40,1:57:43,2:14:47,2:19:35,2:59:43,3:55:25,4:39:10,9:18:20,14:58:33
0:05:34,10.778,0:08:58,6.697,0:27:50,0:44:48,0:55:40,1:23:30,1:29:35,1:51:20,1:57:22,2:14:23,2:19:10,2:59:10,3:54:43,4:38:20,9:16:40,14:55:52
0:05:33,10.811,0:08:56,6.718,0:27:45,0:44:40,0:55:30,1:23:15,1:29:19,1:51:00,1:57:00,2:13:59,2:18:45,2:58:38,3:54:01,4:37:30,9:15:00,14:53:11
0:05:32,10.843,0:08:54,6.738,0:27:40,0:44:32,0:55:20,1:23:00,1:29:03,1:50:40,1:56:39,2:13:35,2:18:20,2:58:06,3:53:19,4:36:40,9:13:20,14:50:30
0:05:31,10.876,0:08:53,6.758,0:27:35,0:44:23,0:55:10,1:22:45,1:28:47,1:50:20,1:56:18,2:13:10,2:17:55,2:57:34,3:52:37,4:35:50,9:11:40,14:47:49
0:05:30,10.909,0:08:51,6.779,0:27:30,0:44:15,0:55:00,1:22:30,1:28:31,1:50:00,1:55:57,2:12:46,2:17:30,2:57:02,3:51:54,4:35:00,9:10:00,14:45:08
0:05:29,10.942,0:08:49,6.799,0:27:25,0:44:07,0:54:50,1:22:15,1:28:15,1:49:40,1:55:36,2:12:22,2:17:05,2:56:29,3:51:12,4:34:10,9:08:20,14:42:27
0:05:28,10.976,0:08:48,6.820,0:27:20,0:43:59,0:54:40,1:22:00,1:27:59,1:49:20,1:55:15,2:11:58,2:16:40,2:55:57,3:50:30,4:33:20,9:06:40,14:39:46
0:05:27,11.009,0:08:46,6.841,0:27:15,0:43:51,0:54:30,1:21:45,1:27:43,1:49:00,1:54:54,2:11:34,2:16:15,2:55:25,3:49:48,4:32:30,9:05:00,14:37:05
0:05:26,11.043,0:08:45,6.862,0:27:10,0:43:43,0:54:20,1:21:30,1:27:26,1:48:40,1:54:33,2:11:10,2:15:50,2:54:53,3:49:06,4:31:40,9:03:20,14:34:24
0:05:25,11.077,0:08:43,6.883,0:27:05,0:43:35,0:54:10,1:21:15,1:27:10,1:48:20,1:54:12,2:10:46,2:15:25,2:54:21,3:48:24,4:30:50,9:01:40,14:31:44
0:05:24,11.111,0:08:41,6.904,0:27:00,0:43:27,0:54:00,1:21:00,1:26:54,1:48:00,1:53:51,2:10:21,2:15:00,2:53:49,3:47:41,4:30:00,9:00:00,14:29:03
0:05:23,11.146,0:08:40,6.925,0:26:55,0:43:19,0:53:50,1:20:45,1:26:38,1:47:40,1:53:30,2:09:57,2:14:35,2:53:16,3:46:59,4:29:10,8:58:20,14:26:22
0:05:22,11.180,0:08:38,6.947,0:26:50,0:43:11,0:53:40,1:20:30,1:26:22,1:47:20,1:53:09,2:09:33,2:14:10,2:52:44,3:46:17,4:28:20,8:56:40,14:23:41
0:05:21,11.215,0:08:37,6.969,0:26:45,0:43:03,0:53:30,1:20:15,1:26:06,1:47:00,1:52:47,2:09:09,2:13:45,2:52:12,3:45:35,4:27:30,8:55:00,14:20:60
0:05:20,11.250,0:08:35,6.990,0:26:40,0:42:55,0:53:20,1:20:00,1:25:50,1:46:40,1:52:26,2:08:45,2:13:20,2:51:40,3:44:53,4:26:40,8:53:20,14:18:19
0:05:19,11.285,0:08:33,7.012,0:26:35,0:42:47,0:53:10,1:19:45,1:25:34,1:46:20,1:52:05,2:08:21,2:12:55,2:51:08,3:44:11,4:25:50,8:51:40,14:15:38
0:05:18,11.321,0:08:32,7.034,0:26:30,0:42:39,0:53:00,1:19:30,1:25:18,1:46:00,1:51:44,2:07:57,2:12:30,2:50:35,3:43:28,4:25:00,8:50:00,14:12:57
0:05:17,11.356,0:08:30,7.057,0:26:25,0:42:31,0:52:50,1:19:15,1:25:02,1:45:40,1:51:23,2:07:32,2:12:05,2:50:03,3:42:46,4:24:10,8:48:20,14:10:16
0:05:16,11.392,0:08:29,7.079,0:26:20,0:42:23,0:52:40,1:19:00,1:24:46,1:45:20,1:51:02,2:07:08,2:11:40,2:49:31,3:42:04,4:23:20,8:46:40,14:07:35
0:05:15,11.429,0:08:27,7.101,0:26:15,0:42:15,0:52:30,1:18:45,1:24:29,1:45:00,1:50:41,2:06:44,2:11:15,2:48:59,3:41:22,4:22:30,8:45:00,14:04:54
0:05:14,11.465,0:08:25,7.124,0:26:10,0:42:07,0:52:20,1:18:30,1:24:13,1:44:40,1:50:20,2:06:20,2:10:50,2:48:27,3:40:40,4:21:40,8:43:20,14:02:13
0:05:13,11.502,0:08:24,7.147,0:26:05,0:41:59,0:52:10,1:18:15,1:23:57,1:44:20,1:49:59,2:05:56,2:10:25,2:47:54,3:39:58,4:20:50,8:41:40,13:59:32
0:05:12,11.538,0:08:22,7.170,0:26:00,0:41:51,0:52:00,1:18:00,1:23:41,1:44:00,1:49:38,2:05:32,2:10:00,2:47:22,3:39:15,4:20:00,8:40:00,13:56:51
0:05:11,11.576,0:08:21,7.193,0:25:55,0:41:43,0:51:50,1:17:45,1:23:25,1:43:40,1:49:17,2:05:08,2:09:35,2:46:50,3:38:33,4:19:10,8:38:20,13:54:10
0:05:10,11.613,0:08:19,7.216,0:25:50,0:41:34,0:51:40,1:17:30,1:23:09,1:43:20,1:48:56,2:04:43,2:09:10,2:46:18,3:37:51,4:18:20,8:36:40,13:51:30
0:05:09,11.650,0:08:17,7.239,0:25:45,0:41:26,0:51:30,1:17:15,1:22:53,1:43:00,1:48:34,2:04:19,2:08:45,2:45:46,3:37:09,4:17:30,8:35:00,13:48:49
0:05:08,11.688,0:08:16,7.263,0:25:40,0:41:18,0:51:20,1:17:00,1:22:37,1:42:40,1:48:13,2:03:55,2:08:20,2:45:14,3:36:27,4:16:40,8:33:20,13:46:08
0:05:07,11.726,0:08:14,7.286,0:25:35,0:41:10,0:51:10,1:16:45,1:22:21,1:42:20,1:47:52,2:03:31,2:07:55,2:44:41,3:35:45,4:15:50,8:31:40,13:43:27
0:05:06,11.765,0:08:12,7.310,0:25:30,0:41:02,0:51:00,1:16:30,1:22:05,1:42:00,1:47:31,2:03:07,2:07:30,2:44:09,3:35:02,4:15:00,8:30:00,13:40:46
0:05:05,11.803,0:08:11,7.334,0:25:25,0:40:54,0:50:50,1:16:15,1:21:48,1:41:40,1:47:10,2:02:43,2:07:05,2:43:37,3:34:20,4:14:10,8:28:20,13:38:05
0:05:04,11.842,0:08:09,7.358,0:25:20,0:40:46,0:50:40,1:16:00,1:21:32,1:41:20,1:46:49,2:02:19,2:06:40,2:43:05,3:33:38,4:13:20,8:26:40,13:35:24
0:05:03,11.881,0:08:08,7.383,0:25:15,0:40:38,0:50:30,1:15:45,1:21:16,1:41:00,1:46:28,2:01:54,2:06:15,2:42:33,3:32:56,4:12:30,8:25:00,13:32:43
0:05:02,11.921,0:08:06,7.407,0:25:10,0:40:30,0:50:20,1:15:30,1:21:00,1:40:40,1:46:07,2:01:30,2:05:50,2:42:00,3:32:14,4:11:40,8:23:20,13:30:02
0:05:01,11.960,0:08:04,7.432,0:25:05,0:40:22,0:50:10,1:15:15,1:20:44,1:40:20,1:45:46,2:01:06,2:05:25,2:41:28,3:31:32,4:10:50,8:21:40,13:27:21
0:05:00,12.000,0:08:03,7.456,0:25:00,0:40:14,0:50:00,1:15:00,1:20:28,1:40:00,1:45:25,2:00:42,2:05:00,2:40:56,3:30:49,4:10:00,8:20:00,13:24:40
0:04:59,12.040,0:08:01,7.481,0:24:55,0:40:06,0:49:50,1:14:45,1:20:12,1:39:40,1:45:04,2:00:18,2:04:35,2:40:24,3:30:07,4:09:10,8:18:20,13:21:59
0:04:58,12.081,0:07:60,7.506,0:24:50,0:39:58,0:49:40,1:14:30,1:19:56,1:39:20,1:44:43,1:59:54,2:04:10,2:39:52,3:29:25,4:08:20,8:16:40,13:19:18
0:04:57,12.121,0:07:58,7.532,0:24:45,0:39:50,0:49:30,1:14:15,1:19:40,1:39:00,1:44:21,1:59:30,2:03:45,2:39:20,3:28:43,4:07:30,8:15:00,13:16:37
0:04:56,12.162,0:07:56,7.557,0:24:40,0:39:42,0:49:20,1:14:00,1:19:24,1:38:40,1:44:00,1:59:05,2:03:20,2:38:47,3:28:01,4:06:40,8:13:20,13:13:56
0:04:55,12.203,0:07:55,7.583,0:24:35,0:39:34,0:49:10,1:13:45,1:19:08,1:38:20,1:43:39,1:58:41,2:02:55,2:38:15,3:27:19,4:05:50,8:11:40,13:11:16
0:04:54,12.245,0:07:53,7.609,0:24:30,0:39:26,0:49:00,1:13:30,1:18:51,1:38:00,1:43:18,1:58:17,2:02:30,2:37:43,3:26:36,4:05:00,8:10:00,13:08:35
0:04:53,12.287,0:07:52,7.635,0:24:25,0:39:18,0:48:50,1:13:15,1:18:35,1:37:40,1:42:57,1:57:53,2:02:05,2:37:11,3:25:54,4:04:10,8:08:20,13:05:54
0:04:52,12.329,0:07:50,7.661,0:24:20,0:39:10,0:48:40,1:13:00,1:18:19,1:37:20,1:42:36,1:57:29,2:01:40,2:36:39,3:25:12,4:03:20,8:06:40,13:03:13
0:04:51,12.371,0:07:48,7.687,0:24:15,0:39:02,0:48:30,1:12:45,1:18:03,1:37:00,1:42:15,1:57:05,2:01:15,2:36:06,3:24:30,4:02:30,8:05:00,13:00:32
0:04:50,12.414,0:07:47,7.714,0:24:10,0:38:54,0:48:20,1:12:30,1:17:47,1:36:40,1:41:54,1:56:41,2:00:50,2:35:34,3:23:48,4:01:40,8:03:20,12:57:51
0:04:49,12.457,0:07:45,7.740,0:24:05,0:38:46,0:48:10,1:12:15,1:17:31,1:36:20,1:41:33,1:56:17,2:00:25,2:35:02,3:23:06,4:00:50,8:01:40,12:55:10
0:04:48,12.500,0:07:43,7.767,0:24:00,0:38:37,0:48:00,1:12:00,1:17:15,1:36:00,1:41:12,1:55:52,2:00:00,2:34:30,3:22:23,4:00:00,8:00:00,12:52:29
0:04:47,12.544,0:07:42,7.794,0:23:55,0:38:29,0:47:50,1:11:45,1:16:59,1:35:40,1:40:51,1:55:28,1:59:35,2:33:58,3:21:41,3:59:10,7:58:20,12:49:48
0:04:46,12.587,0:07:40,7.821,0:23:50,0:38:21,0:47:40,1:11:30,1:16:43,1:35:20,1:40:30,1:55:04,1:59:10,2:33:25,3:20:59,3:58:20,7:56:40,12:47:07
0:04:45,12.632,0:07:39,7.849,0:23:45,0:38:13,0:47:30,1:11:15,1:16:27,1:35:00,1:40:08,1:54:40,1:58:45,2:32:53,3:20:17,3:57:30,7:55:00,12:44:26
0:04:44,12.676,0:07:37,7.877,0:23:40,0:38:05,0:47:20,1:11:00,1:16:11,1:34:40,1:39:47,1:54:16,1:58:20,2:32:21,3:19:35,3:56:40,7:53:20,12:41:45
0:04:43,12.721,0:07:35,7.904,0:23:35,0:37:57,0:47:10,1:10:45,1:15:54,1:34:20,1:39:26,1:53:52,1:57:55,2:31:49,3:18:53,3:55:50,7:51:40,12:39:04
0:04:42,12.766,0:07:34,7.932,0:23:30,0:37:49,0:47:00,1:10:30,1:15:38,1:34:00,1:39:05,1:53:28,1:57:30,2:31:17,3:18:10,3:55:00,7:50:00,12:36:23
0:04:41,12.811,0:07:32,7.961,0:23:25,0:37:41,0:46:50,1:10:15,1:15:22,1:33:40,1:38:44,1:53:03,1:57:05,2:30:45,3:17:28,3:54:10,7:48:20,12:33:42
0:04:40,12.857,0:07:31,7.989,0:23:20,0:37:33,0:46:40,1:10:00,1:15:06,1:33:20,1:38:23,1:52:39,1:56:40,2:30:12,3:16:46,3:53:20,7:46:40,12:31:02
0:04:39,12.903,0:07:29,8.018,0:23:15,0:37:25,0:46:30,1:09:45,1:14:50,1:33:00,1:38:02,1:52:15,1:56:15,2:29:40,3:16:04,3:52:30,7:45:00,12:28:21
0:04:38,12.950,0:07:27,8.047,0:23:10,0:37:17,0:46:20,1:09:30,1:14:34,1:32:40,1:37:41,1:51:51,1:55:50,2:29:08,3:15:22,3:51:40,7:43:20,12:25:40
0:04:37,12.996,0:07:26,8.076,0:23:05,0:37:09,0:46:10,1:09:15,1:14:18,1:32:20,1:37:20,1:51:27,1:55:25,2:28:36,3:14:40,3:50:50,7:41:40,12:22:59
0:04:36,13.043,0:07:24,8.105,0:23:00,0:37:01,0:46:00,1:09:00,1:14:02,1:32:00,1:36:59,1:51:03,1:55:00,2:28:04,3:13:57,3:50:00,7:40:00,12:20:18
0:04:35,13.091,0:07:23,8.134,0:22:55,0:36:53,0:45:50,1:08:45,1:13:46,1:31:40,1:36:38,1:50:39,1:54:35,2:27:31,3:13:15,3:49:10,7:38:20,12:17:37
0:04:34,13.139,0:07:21,8.164,0:22:50,0:36:45,0:45:40,1:08:30,1:13:30,1:31:20,1:36:17,1:50:14,1:54:10,2:26:59,3:12:33,3:48:20,7:36:40,12:14:56
0:04:33,13.187,0:07:19,8.194,0:22:45,0:36:37,0:45:30,1:08:15,1:13:13,1:31:00,1:35:55,1:49:50,1:53:45,2:26:27,3:11:51,3:47:30,7:35:00,12:12:15
0:04:32,13.235,0:07:18,8.224,0:22:40,0:36:29,0:45:20,1:08:00,1:12:57,1:30:40,1:35:34,1:49:26,1:53:20,2:25:55,3:11:09,3:46:40,7:33:20,12:09:34
0:04:31,13.284,0:07:16,8.254,0:22:35,0:36:21,0:45:10,1:07:45,1:12:41,1:30:20,1:35:13,1:49:02,1:52:55,2:25:23,3:10:27,3:45:50,7:31:40,12:06:53
0:04:30,13.333,0:07:15,8.285,0:22:30,0:36:13,0:45:00,1:07:30,1:12:25,1:30:00,1:34:52,1:48:38,1:52:30,2:24:50,3:09:44,3:45:00,7:30:00,12:04:12
0:04:29,13.383,0:07:13,8.316,0:22:25,0:36:05,0:44:50,1:07:15,1:12:09,1:29:40,1:34:31,1:48:14,1:52:05,2:24:18,3:09:02,3:44:10,7:28:20,12:01:31
0:04:28,13.433,0:07:11,8.347,0:22:20,0:35:57,0:44:40,1:07:00,1:11:53,1:29:20,1:34:10,1:47:50,1:51:40,2:23:46,3:08:20,3:43:20,7:26:40,11:58:50
0:04:27,13.483,0:07:10,8.378,0:22:15,0:35:48,0:44:30,1:06:45,1:11:37,1:29:00,1:33:49,1:47:25,1:51:15,2:23:14,3:07:38,3:42:30,7:25:00,11:56:09
0:04:26,13.534,0:07:08,8.410,0:22:10,0:35:40,0:44:20,1:06:30,1:11:21,1:28:40,1:33:28,1:47:01,1:50:50,2:22:42,3:06:56,3:41:40,7:23:20,11:53:28
0:04:25,13.585,0:07:06,8.441,0:22:05,0:35:32,0:44:10,1:06:15,1:11:05,1:28:20,1:33:07,1:46:37,1:50:25,2:22:10,3:06:14,3:40:50,7:21:40,11:50:48
0:04:24,13.636,0:07:05,8.473,0:22:00,0:35:24,0:44:00,1:06:00,1:10:49,1:28:00,1:32:46,1:46:13,1:50:00,2:21:37,3:05:32,3:40:00,7:20:00,11:48:07
0:04:23,13.688,0:07:03,8.505,0:21:55,0:35:16,0:43:50,1:05:45,1:10:33,1:27:40,1:32:25,1:45:49,1:49:35,2:21:05,3:04:49,3:39:10,7:18:20,11:45:26
0:04:22,13.740,0:07:02,8.538,0:21:50,0:35:08,0:43:40,1:05:30,1:10:16,1:27:20,1:32:04,1:45:25,1:49:10,2:20:33,3:04:07,3:38:20,7:16:40,11:42:45
0:04:21,13.793,0:07:00,8.571,0:21:45,0:35:00,0:43:30,1:05:15,1:10:00,1:27:00,1:31:43,1:45:01,1:48:45,2:20:01,3:03:25,3:37:30,7:15:00,11:40:04
0:04:20,13.846,0:06:58,8.604,0:21:40,0:34:52,0:43:20,1:05:00,1:09:44,1:26:40,1:31:21,1:44:36,1:48:20,2:19:29,3:02:43,3:36:40,7:13:20,11:37:23
0:04:19,13.900,0:06:57,8.637,0:21:35,0:34:44,0:43:10,1:04:45,1:09:28,1:26:20,1:31:00,1:44:12,1:47:55,2:18:56,3:02:01,3:35:50,7:11:40,11:34:42
0:04:18,13.953,0:06:55,8.670,0:21:30,0:34:36,0:43:00,1:04:30,1:09:12,1:26:00,1:30:39,1:43:48,1:47:30,2:18:24,3:01:19,3:35:00,7:10:00,11:32:01
0:04:17,14.008,0:06:54,8.704,0:21:25,0:34:28,0:42:50,1:04:15,1:08:56,1:25:40,1:30:18,1:43:24,1:47:05,2:17:52,3:00:36,3:34:10,7:08:20,11:29:20
0:04:16,14.062,0:06:52,8.738,0:21:20,0:34:20,0:42:40,1:04:00,1:08:40,1:25:20,1:29:57,1:42:60,1:46:40,2:17:20,2:59:54,3:33:20,7:06:40,11:26:39
0:04:15,14.118,0:06:50,8.772,0:21:15,0:34:12,0:42:30,1:03:45,1:08:24,1:25:00,1:29:36,1:42:36,1:46:15,2:16:48,2:59:12,3:32:30,7:05:00,11:23:58
0:04:14,14.173,0:06:49,8.807,0:21:10,0:34:04,0:42:20,1:03:30,1:08:08,1:24:40,1:29:15,1:42:12,1:45:50,2:16:15,2:58:30,3:31:40,7:03:20,11:21:17
0:04:13,14.229,0:06:47,8.842,0:21:05,0:33:56,0:42:10,1:03:15,1:07:52,1:24:20,1:28:54,1:41:47,1:45:25,2:15:43,2:57:48,3:30:50,7:01:40,11:18:36
0:04:12,14.286,0:06:46,8.877,0:21:00,0:33:48,0:42:00,1:03:00,1:07:36,1:24:00,1:28:33,1:41:23,1:45:00,2:15:11,2:57:06,3:30:00,7:00:00,11:15:55
0:04:11,14.343,0:06:44,8.912,0:20:55,0:33:40,0:41:50,1:02:45,1:07:19,1:23:40,1:28:12,1:40:59,1:44:35,2:14:39,2:56:23,3:29:10,6:58:20,11:13:14
0:04:10,14.400,0:06:42,8.948,0:20:50,0:33:32,0:41:40,1:02:30,1:07:03,1:23:20,1:27:51,1:40:35,1:44:10,2:14:07,2:55:41,3:28:20,6:56:40,11:10:34
0:04:09,14.458,0:06:41,8.984,0:20:45,0:33:24,0:41:30,1:02:15,1:06:47,1:23:00,1:27:30,1:40:11,1:43:45,2:13:35,2:54:59,3:27:30,6:55:00,11:07:53
0:04:08,14.516,0:06:39,9.020,0:20:40,0:33:16,0:41:20,1:02:00,1:06:31,1:22:40,1:27:08,1:39:47,1:43:20,2:13:02,2:54:17,3:26:40,6:53:20,11:05:12
0:04:07,14.575,0:06:38,9.056,0:20:35,0:33:08,0:41:10,1:01:45,1:06:15,1:22:20,1:26:47,1:39:23,1:42:55,2:12:30,2:53:35,3:25:50,6:51:40,11:02:31
0:04:06,14.634,0:06:36,9.093,0:20:30,0:32:59,0:41:00,1:01:30,1:05:59,1:22:00,1:26:26,1:38:58,1:42:30,2:11:58,2:52:53,3:25:00,6:50:00,10:59:50
0:04:05,14.694,0:06:34,9.130,0:20:25,0:32:51,0:40:50,1:01:15,1:05:43,1:21:40,1:26:05,1:38:34,1:42:05,2:11:26,2:52:10,3:24:10,6:48:20,10:57:09
0:04:04,14.754,0:06:33,9.168,0:20:20,0:32:43,0:40:40,1:01:00,1:05:27,1:21:20,1:25:44,1:38:10,1:41:40,2:10:54,2:51:28,3:23:20,6:46:40,10:54:28
0:04:03,14.815,0:06:31,9.205,0:20:15,0:32:35,0:40:30,1:00:45,1:05:11,1:21:00,1:25:23,1:37:46,1:41:15,2:10:21,2:50:46,3:22:30,6:45:00,10:51:47
0:04:02,14.876,0:06:29,9.244,0:20:10,0:32:27,0:40:20,1:00:30,1:04:55,1:20:40,1:25:02,1:37:22,1:40:50,2:09:49,2:50:04,3:21:40,6:43:20,10:49:06
0:04:01,14.938,0:06:28,9.282,0:20:05,0:32:19,0:40:10,1:00:15,1:04:39,1:20:20,1:24:41,1:36:58,1:40:25,2:09:17,2:49:22,3:20:50,6:41:40,10:46:25
0:04:00,15.000,0:06:26,9.321,0:20:00,0:32:11,0:40:00,1:00:00,1:04:22,1:20:00,1:24:20,1:36:34,1:40:00,2:08:45,2:48:40,3:20:00,6:40:00,10:43:44
0:03:59,15.063,0:06:25,9.360,0:19:55,0:32:03,0:39:50,0:59:45,1:04:06,1:19:40,1:23:59,1:36:10,1:39:35,2:08:13,2:47:57,3:19:10,6:38:20,10:41:03
0:03:58,15.126,0:06:23,9.399,0:19:50,0:31:55,0:39:40,0:59:30,1:03:50,1:19:20,1:23:38,1:35:45,1:39:10,2:07:40,2:47:15,3:18:20,6:36:40,10:38:22
0:03:57,15.190,0:06:21,9.439,0:19:45,0:31:47,0:39:30,0:59:15,1:03:34,1:19:00,1:23:17,1:35:21,1:38:45,2:07:08,2:46:33,3:17:30,6:35:00,10:35:41
0:03:56,15.254,0:06:20,9.479,0:19:40,0:31:39,0:39:20,0:59:00,1:03:18,1:18:40,1:22:55,1:34:57,1:38:20,2:06:36,2:45:51,3:16:40,6:33:20,10:33:00
0:03:55,15.319,0:06:18,9.519,0:19:35,0:31:31,0:39:10,0:58:45,1:03:02,1:18:20,1:22:34,1:34:33,1:37:55,2:06:04,2:45:09,3:15:50,6:31:40,10:30:19
0:03:54,15.385,0:06:17,9.560,0:19:30,0:31:23,0:39:00,0:58:30,1:02:46,1:18:00,1:22:13,1:34:09,1:37:30,2:05:32,2:44:27,3:15:00,6:30:00,10:27:39
0:03:53,15.451,0:06:15,9.601,0:19:25,0:31:15,0:38:50,0:58:15,1:02:30,1:17:40,1:21:52,1:33:45,1:37:05,2:04:60,2:43:44,3:14:10,6:28:20,10:24:58
0:03:52,15.517,0:06:13,9.642,0:19:20,0:31:07,0:38:40,0:58:00,1:02:14,1:17:20,1:21:31,1:33:21,1:36:40,2:04:27,2:43:02,3:13:20,6:26:40,10:22:17
0:03:51,15.584,0:06:12,9.684,0:19:15,0:30:59,0:38:30,0:57:45,1:01:58,1:17:00,1:21:10,1:32:56,1:36:15,2:03:55,2:42:20,3:12:30,6:25:00,10:19:36
0:03:50,15.652,0:06:10,9.726,0:19:10,0:30:51,0:38:20,0:57:30,1:01:41,1:16:40,1:20:49,1:32:32,1:35:50,2:03:23,2:41:38,3:11:40,6:23:20,10:16:55
0:03:49,15.721,0:06:09,9.768,0:19:05,0:30:43,0:38:10,0:57:15,1:01:25,1:16:20,1:20:28,1:32:08,1:35:25,2:02:51,2:40:56,3:10:50,6:21:40,10:14:14
0:03:48,15.789,0:06:07,9.811,0:19:00,0:30:35,0:38:00,0:57:00,1:01:09,1:16:00,1:20:07,1:31:44,1:35:00,2:02:19,2:40:14,3:10:00,6:20:00,10:11:33
0:03:47,15.859,0:06:05,9.854,0:18:55,0:30:27,0:37:50,0:56:45,1:00:53,1:15:40,1:19:46,1:31:20,1:34:35,2:01:46,2:39:31,3:09:10,6:18:20,10:08:52
0:03:46,15.929,0:06:04,9.898,0:18:50,0:30:19,0:37:40,0:56:30,1:00:37,1:15:20,1:19:25,1:30:56,1:34:10,2:01:14,2:38:49,3:08:20,6:16:40,10:06:11
0:03:45,16.000,0:06:02,9.942,0:18:45,0:30:11,0:37:30,0:56:15,1:00:21,1:15:00,1:19:04,1:30:32,1:33:45,2:00:42,2:38:07,3:07:30,6:15:00,10:03:30
0:03:44,16.071,0:06:00,9.986,0:18:40,0:30:02,0:37:20,0:56:00,1:00:05,1:14:40,1:18:42,1:30:07,1:33:20,2:00:10,2:37:25,3:06:40,6:13:20,10:00:49
0:03:43,16.143,0:05:59,10.031,0:18:35,0:29:54,0:37:10,0:55:45,0:59:49,1:14:20,1:18:21,1:29:43,1:32:55,1:59:38,2:36:43,3:05:50,6:11:40,9:58:08
0:03:42,16.216,0:05:57,10.076,0:18:30,0:29:46,0:37:00,0:55:30,0:59:33,1:14:00,1:18:00,1:29:19,1:32:30,1:59:05,2:36:01,3:05:00,6:10:00,9:55:27
0:03:41,16.290,0:05:56,10.122,0:18:25,0:29:38,0:36:50,0:55:15,0:59:17,1:13:40,1:17:39,1:28:55,1:32:05,1:58:33,2:35:18,3:04:10,6:08:20,9:52:46
0:03:40,16.364,0:05:54,10.168,0:18:20,0:29:30,0:36:40,0:55:00,0:59:01,1:13:20,1:17:18,1:28:31,1:31:40,1:58:01,2:34:36,3:03:20,6:06:40,9:50:05
0:03:39,16.438,0:05:52,10.214,0:18:15,0:29:22,0:36:30,0:54:45,0:58:44,1:13:00,1:16:57,1:28:07,1:31:15,1:57:29,2:33:54,3:02:30,6:05:00,9:47:25
0:03:38,16.514,0:05:51,10.261,0:18:10,0:29:14,0:36:20,0:54:30,0:58:28,1:12:40,1:16:36,1:27:43,1:30:50,1:56:57,2:33:12,3:01:40,6:03:20,9:44:44
0:03:37,16.590,0:05:49,10.308,0:18:05,0:29:06,0:36:10,0:54:15,0:58:12,1:12:20,1:16:15,1:27:18,1:30:25,1:56:25,2:32:30,3:00:50,6:01:40,9:42:03
0:03:36,16.667,0:05:48,10.356,0:18:00,0:28:58,0:36:00,0:54:00,0:57:56,1:12:00,1:15:54,1:26:54,1:30:00,1:55:52,2:31:48,3:00:00,6:00:00,9:39:22
0:03:35,16.744,0:05:46,10.404,0:17:55,0:28:50,0:35:50,0:53:45,0:57:40,1:11:40,1:15:33,1:26:30,1:29:35,1:55:20,2:31:05,2:59:10,5:58:20,9:36:41
0:03:34,16.822,0:05:44,10.453,0:17:50,0:28:42,0:35:40,0:53:30,0:57:24,1:11:20,1:15:12,1:26:06,1:29:10,1:54:48,2:30:23,2:58:20,5:56:40,9:33:60
0:03:33,16.901,0:05:43,10.502,0:17:45,0:28:34,0:35:30,0:53:15,0:57:08,1:11:00,1:14:51,1:25:42,1:28:45,1:54:16,2:29:41,2:57:30,5:55:00,9:31:19
0:03:32,16.981,0:05:41,10.552,0:17:40,0:28:26,0:35:20,0:53:00,0:56:52,1:10:40,1:14:29,1:25:18,1:28:20,1:53:44,2:28:59,2:56:40,5:53:20,9:28:38
0:03:31,17.062,0:05:40,10.602,0:17:35,0:28:18,0:35:10,0:52:45,0:56:36,1:10:20,1:14:08,1:24:54,1:27:55,1:53:11,2:28:17,2:55:50,5:51:40,9:25:57
0:03:30,17.143,0:05:38,10.652,0:17:30,0:28:10,0:35:00,0:52:30,0:56:20,1:10:00,1:13:47,1:24:29,1:27:30,1:52:39,2:27:35,2:55:00,5:50:00,9:23:16
0:03:29,17.225,0:05:36,10.703,0:17:25,0:28:02,0:34:50,0:52:15,0:56:04,1:09:40,1:13:26,1:24:05,1:27:05,1:52:07,2:26:52,2:54:10,5:48:20,9:20:35
0:03:28,17.308,0:05:35,10.754,0:17:20,0:27:54,0:34:40,0:52:00,0:55:47,1:09:20,1:13:05,1:23:41,1:26:40,1:51:35,2:26:10,2:53:20,5:46:40,9:17:54
0:03:27,17.391,0:05:33,10.806,0:17:15,0:27:46,0:34:30,0:51:45,0:55:31,1:09:00,1:12:44,1:23:17,1:26:15,1:51:03,2:25:28,2:52:30,5:45:00,9:15:13
0:03:26,17.476,0:05:32,10.859,0:17:10,0:27:38,0:34:20,0:51:30,0:55:15,1:08:40,1:12:23,1:22:53,1:25:50,1:50:31,2:24:46,2:51:40,5:43:20,9:12:32
0:03:25,17.561,0:05:30,10.912,0:17:05,0:27:30,0:34:10,0:51:15,0:54:59,1:08:20,1:12:02,1:22:29,1:25:25,1:49:58,2:24:04,2:50:50,5:41:40,9:09:51
0:03:24,17.647,0:05:28,10.965,0:17:00,0:27:22,0:34:00,0:51:00,0:54:43,1:08:00,1:11:41,1:22:05,1:25:00,1:49:26,2:23:22,2:50:00,5:40:00,9:07:11
0:03:23,17.734,0:05:27,11.019,0:16:55,0:27:13,0:33:50,0:50:45,0:54:27,1:07:40,1:11:20,1:21:40,1:24:35,1:48:54,2:22:39,2:49:10,5:38:20,9:04:30
0:03:22,17.822,0:05:25,11.074,0:16:50,0:27:05,0:33:40,0:50:30,0:54:11,1:07:20,1:10:59,1:21:16,1:24:10,1:48:22,2:21:57,2:48:20,5:36:40,9:01:49
0:03:21,17.910,0:05:23,11.129,0:16:45,0:26:57,0:33:30,0:50:15,0:53:55,1:07:00,1:10:38,1:20:52,1:23:45,1:47:50,2:21:15,2:47:30,5:35:00,8:59:08
0:03:20,18.000,0:05:22,11.185,0:16:40,0:26:49,0:33:20,0:50:00,0:53:39,1:06:40,1:10:16,1:20:28,1:23:20,1:47:17,2:20:33,2:46:40,5:33:20,8:56:27
